/*!40101 SET @OLD_CHARACTER_SET_CLIENT=@@CHARACTER_SET_CLIENT */;
/*!40101 SET NAMES utf8 */;
/*!50503 SET NAMES utf8mb4 */;
/*!40014 SET @OLD_FOREIGN_KEY_CHECKS=@@FOREIGN_KEY_CHECKS, FOREIGN_KEY_CHECKS=0 */;
/*!40101 SET @OLD_SQL_MODE=@@SQL_MODE, SQL_MODE='NO_AUTO_VALUE_ON_ZERO' */;

CREATE DATABASE IF NOT EXISTS `dealfinder` /*!40100 DEFAULT CHARACTER SET latin1 */;
USE `dealfinder`;

CREATE TABLE IF NOT EXISTS `product` (
  `PRODID` int(11) NOT NULL AUTO_INCREMENT,
  `MANUFACTURER` varchar(250) NOT NULL,
  `MANUFACTURERSITE` varchar(500) NOT NULL,
  `NAME` varchar(250) NOT NULL,
  `PRICE` double DEFAULT NULL,
  `PRICERANGE` double NOT NULL,
  PRIMARY KEY (`PRODID`)
) ENGINE=InnoDB AUTO_INCREMENT=310 DEFAULT CHARSET=latin1;

/*!40000 ALTER TABLE `product` DISABLE KEYS */;
INSERT INTO `product` (`PRODID`, `MANUFACTURER`, `MANUFACTURERSITE`, `NAME`, `PRICE`, `PRICERANGE`) VALUES
	(1, 'Post', 'www.post.com', 'Apple Juice', 0, 1.69),
	(2, 'Post', 'www.post.com', 'Apple Sauce', 0, 1.29),
	(3, 'Post', 'www.post.com', 'Apples', 0, 2.99),
	(4, 'Target', 'www.target.com', 'Aluminum Foil', 0, 1.99),
	(5, 'Store Brand', 'www.storebrand.com', 'Bacon', 0, 2.99),
	(6, 'Target', 'www.target.com', 'Bagles, plain', 0, 1.49),
	(7, 'Brand X', 'www.brandx.com', 'Baguette/French Bread', 0, 1.49),
	(8, 'GenericBrand', 'www.genericbrand.com', 'Barbeque Sauce', 0, 0.89),
	(9, 'Sharp', 'www.sharp.com', 'Beef Stew Meat', 0, 4.19),
	(10, 'Target', 'www.target.com', 'Beer, bottle, pilsener, import', 0, 5.99),
	(11, 'Kraft', 'www.kraft.com', 'Bleach', 0, 1.19),
	(12, 'General', 'www.general.com', 'Brats, 4-6 pack', 0, 1.99),
	(13, 'Store Brand', 'www.storebrand.com', 'Bread Crumbs', 0, 0.89),
	(14, 'General', 'www.general.com', 'Bread, 12-grain/multi-grain', 0, 1.89),
	(15, 'Walmart', 'www.walmart.com', 'Breakfast Sausage, frozen', 0, 0.89),
	(16, 'Brand X', 'www.brandx.com', 'Butter, real, unsalted/salted', 0, 2.29),
	(17, 'General', 'www.general.com', 'Carrots, whole', 0, 1.29),
	(18, 'Post', 'www.post.com', 'Cereal, Müsli style', 0, 2.29),
	(19, 'Post', 'www.post.com', 'Cheery Pie Filling', 0, 1.79),
	(20, 'Sportsman', 'www.sportsman.com', 'Cheese Singles (imitation)', 0, 0.99),
	(21, 'Kraft', 'www.kraft.com', 'Cheese, block (regular)', 0, 1.99),
	(22, 'Store Brand', 'www.storebrand.com', 'Cheese, Boursin', 0, 2.99),
	(23, 'Post', 'www.post.com', 'Cheese, Brie 1', 0, 2.99),
	(24, 'Store Brand', 'www.storebrand.com', 'Cheese, Brie 2', 0, 2.39),
	(25, 'Walmart', 'www.walmart.com', 'Cheese, Parmesan, jar', 0, 2.39),
	(26, 'Sportsman', 'www.sportsman.com', 'Cheese, shredded, Mexican style', 0, 2.79),
	(27, 'Sharp', 'www.sharp.com', 'Cheese, shredded, Mozarella', 0, 2.99),
	(28, 'General', 'www.general.com', 'Cheese, sliced, deli', 0, 1.99),
	(29, 'Kraft', 'www.kraft.com', 'Cheese, sliced, regular', 0, 1.99),
	(30, 'Post', 'www.post.com', 'Cheese, wedge, deli', 0, 2.79),
	(31, 'Brand X', 'www.brandx.com', 'Chicken Breasts, frozen', 0, 5.49),
	(32, 'Brand X', 'www.brandx.com', 'Chicken Nuggets, frozen', 0, 3.99),
	(33, 'Store Brand', 'www.storebrand.com', 'Chicken Tenderloins, frozen', 0, 5.99),
	(34, 'GenericBrand', 'www.genericbrand.com', 'Chips, potato chips', 0, 1.49),
	(35, 'Target', 'www.target.com', 'Chocolate Chip Cookie Dough', 0, 1.99),
	(36, 'Target', 'www.target.com', 'Cocoa Rice Cereal', 0, 1.69),
	(37, 'GenericBrand', 'www.genericbrand.com', 'Coconut Milk', 0, 2.49),
	(38, 'Store Brand', 'www.storebrand.com', 'Coffee', 0, 4.99),
	(39, 'General', 'www.general.com', 'Cold Cuts, ham or chicken', 0, 3.29),
	(40, 'Post', 'www.post.com', 'Cold Cuts, turkey variety', 0, 3.29),
	(41, 'Sharp', 'www.sharp.com', 'Corn Flakes, regular', 0, 1.69),
	(42, 'Walmart', 'www.walmart.com', 'Corn Flakes, sugar frosted', 0, 1.79),
	(43, 'GenericBrand', 'www.genericbrand.com', 'Cottage Cheese', 0, 1.99),
	(44, 'General', 'www.general.com', 'Cream Cheese', 0, 1.19),
	(45, 'Sportsman', 'www.sportsman.com', 'Cream, heavy whipping', 0, 1.79),
	(46, 'GenericBrand', 'www.genericbrand.com', 'Croissants', 0, 2.49),
	(47, 'Sportsman', 'www.sportsman.com', 'Diapers', 0, 0.79),
	(48, 'Walmart', 'www.walmart.com', 'Dish soap', 0, 0.39),
	(49, 'General', 'www.general.com', 'Duct tape ', 0, 2.89),
	(50, 'Target', 'www.target.com', 'Eggs, cage free', 0, 1.19),
	(51, 'Kraft', 'www.kraft.com', 'Eggs, regular', 0, 1.09),
	(52, 'General', 'www.general.com', 'Fish 1, frozen (flounder)', 0, 3.99),
	(53, 'Brand X', 'www.brandx.com', 'Fish 2, frozen (tilapia)', 0, 4.49),
	(54, 'Kraft', 'www.kraft.com', 'Flour, all purpose', 0, 1.59),
	(55, 'Brand X', 'www.brandx.com', 'Flour, self rising', 0, 1.59),
	(56, 'Sharp', 'www.sharp.com', 'French Fries, frozen', 0, 1.89),
	(57, 'Store Brand', 'www.storebrand.com', 'Fruit 1, frozen (strawberries)', 0, 1.99),
	(58, 'General', 'www.general.com', 'Fruit 2, frozen (cherries and/or other)', 0, 2.99),
	(59, 'Walmart', 'www.walmart.com', 'Granola Bars, high fiber', 0, 1.89),
	(60, 'Walmart', 'www.walmart.com', 'Granola Bars, regular', 0, 1.59),
	(61, 'Target', 'www.target.com', 'Grapes, red', 0, 2.99),
	(62, 'General', 'www.general.com', 'Green Beans, canned', 0, 0.59),
	(63, 'Sharp', 'www.sharp.com', 'Ground Beef (chuck, 80/20)', 0, 2.89),
	(64, 'Brand X', 'www.brandx.com', 'Ground Beef (sirloin, 90/10)', 0, 3.49),
	(65, 'Target', 'www.target.com', 'Ground Beef, frozen', 0, 2.79),
	(66, 'Target', 'www.target.com', 'Ground Turkey', 0, 2.99),
	(67, 'General', 'www.general.com', 'Ground Turkey, frozen', 0, 1.69),
	(68, 'Walmart', 'www.walmart.com', 'Ham, boneless', 0, 2.99),
	(69, 'Brand X', 'www.brandx.com', 'Hand soap', 0, 0.89),
	(70, 'Post', 'www.post.com', 'Honey', 0, 4.49),
	(71, 'Sharp', 'www.sharp.com', 'Honey Crunch Oats', 0, 1.89),
	(72, 'Store Brand', 'www.storebrand.com', 'Hot Dog Buns', 0, 0.99),
	(73, 'Store Brand', 'www.storebrand.com', 'Hot Dogs, beef', 0, 2.29),
	(74, 'GenericBrand', 'www.genericbrand.com', 'Ice Cream, premium', 0, 2.49),
	(75, 'Target', 'www.target.com', 'Ice Cream, simple', 0, 1.99),
	(76, 'Kraft', 'www.kraft.com', 'Jalopeño Peppers, canned', 0, 1.19),
	(77, 'Post', 'www.post.com', 'Ketchup', 0, 1.49),
	(78, 'Sharp', 'www.sharp.com', 'Kielbasa', 0, 1.99),
	(79, 'Target', 'www.target.com', 'Lemons', 0, 1.99),
	(80, 'Kraft', 'www.kraft.com', 'Lettuce, iceberg', 0, 0.99),
	(81, 'Walmart', 'www.walmart.com', 'Mandarin Oranges, canned', 0, 0.49),
	(82, 'GenericBrand', 'www.genericbrand.com', 'Margarine/Spread', 0, 0.99),
	(83, 'GenericBrand', 'www.genericbrand.com', 'Mayonnaise', 0, 2.19),
	(84, 'Store Brand', 'www.storebrand.com', 'Measuring spoons', 0, 1.19),
	(85, 'Sharp', 'www.sharp.com', 'Milk', 0, 1.99),
	(86, 'Kraft', 'www.kraft.com', 'Milk Chocolate Bar', 0, 1.49),
	(87, 'Target', 'www.target.com', 'Milk, organic', 0, 2.19),
	(88, 'GenericBrand', 'www.genericbrand.com', 'Mushrooms, Button, whole', 0, 0.99),
	(89, 'Post', 'www.post.com', 'Mushrooms, stems/pieces', 0, 0.59),
	(90, 'Target', 'www.target.com', 'Mustard, dijon', 0, 0.99),
	(91, 'Walmart', 'www.walmart.com', 'Mustard, yellow', 0, 0.69),
	(92, 'Target', 'www.target.com', 'Nutella', 0, 3.49),
	(93, 'Post', 'www.post.com', 'Oat Meal', 0, 1.49),
	(94, 'Store Brand', 'www.storebrand.com', 'Oil, Canola, 100% pure', 0, 2.69),
	(95, 'GenericBrand', 'www.genericbrand.com', 'Oil, Olive, 100% pure', 0, 2.99),
	(96, 'GenericBrand', 'www.genericbrand.com', 'Oil, Olive, extra virgin', 0, 3.49),
	(97, 'Brand X', 'www.brandx.com', 'Onions, yellow', 0, 1.69),
	(98, 'Walmart', 'www.walmart.com', 'Orange Juice, not from concentrate', 0, 2.39),
	(99, 'Post', 'www.post.com', 'Oranges', 0, 2.99),
	(100, 'Post', 'www.post.com', 'Pancetta or Ham, diced', 0, 2.39),
	(101, 'Store Brand', 'www.storebrand.com', 'Paper Towles', 0, 5.99),
	(102, 'Kraft', 'www.kraft.com', 'Pasta, Egg Noodles', 0, 0.99),
	(103, 'Kraft', 'www.kraft.com', 'Pasta, Ellbow Maccaroni', 0, 1.69),
	(104, 'Sharp', 'www.sharp.com', 'Pasta, Penne Rigate', 0, 0.99),
	(105, 'Target', 'www.target.com', 'Pasta, Rotini/Rotelle/Fusilli', 0, 1.49),
	(106, 'Sharp', 'www.sharp.com', 'Pasta, Spaghetti', 0, 1.59),
	(107, 'Post', 'www.post.com', 'Peanut Butter', 0, 2.29),
	(108, 'GenericBrand', 'www.genericbrand.com', 'Peanuts, roasted', 0, 2.69),
	(109, 'Walmart', 'www.walmart.com', 'Pears', 0, 1.99),
	(110, 'General', 'www.general.com', 'Pepper, black, ground', 0, 1.99),
	(111, 'Walmart', 'www.walmart.com', 'Pizza Dough', 0, 1.99),
	(112, 'Walmart', 'www.walmart.com', 'Pizza, frozen (premium)', 0, 3.89),
	(113, 'Brand X', 'www.brandx.com', 'Pizza, frozen (simple)', 0, 1.99),
	(114, 'Brand X', 'www.brandx.com', 'Plastic Wrap', 0, 1.49),
	(115, 'Brand X', 'www.brandx.com', 'Pork Tenderloin, small', 0, 3.99),
	(116, 'Sharp', 'www.sharp.com', 'Potatoes, gold (Yukon)', 0, 2.99),
	(117, 'Brand X', 'www.brandx.com', 'Potatoes, red', 0, 2.49),
	(118, 'Post', 'www.post.com', 'Potatoes, Russet ', 0, 2.89),
	(119, 'Kraft', 'www.kraft.com', 'Preserves, strawberry', 0, 1.59),
	(120, 'Brand X', 'www.brandx.com', 'Pretzels', 0, 1.29),
	(121, 'Post', 'www.post.com', 'Red Cabbage', 0, 3.49),
	(122, 'General', 'www.general.com', 'Ribs, Baby Back (pork, unseasoned)', 0, 3.49),
	(123, 'Sportsman', 'www.sportsman.com', 'Ribs, Spare Back (pork, unseasoned)', 0, 3.49),
	(124, 'Target', 'www.target.com', 'Rice, instant, white', 0, 2.49),
	(125, 'General', 'www.general.com', 'Rice, regular', 0, 1.69),
	(126, 'GenericBrand', 'www.genericbrand.com', 'Salad Dressing', 0, 1.39),
	(127, 'Post', 'www.post.com', 'Salami, sliced', 0, 2.79),
	(128, 'Kraft', 'www.kraft.com', 'Salami, whole (1)', 0, 3.49),
	(129, 'Store Brand', 'www.storebrand.com', 'Salsa, medium', 0, 1.49),
	(130, 'Sportsman', 'www.sportsman.com', 'Salt, iodized', 0, 0.35),
	(131, 'Sportsman', 'www.sportsman.com', 'Soda, bottle', 0, 0.69),
	(132, 'Walmart', 'www.walmart.com', 'Soda, bottle (Coke product)', 0, 2.29),
	(133, 'Target', 'www.target.com', 'Soda, can', 0, 2.29),
	(134, 'Kraft', 'www.kraft.com', 'Soda, can (Coke product)', 0, 1.39),
	(135, 'General', 'www.general.com', 'Soup, Chicken Noodle, condensed', 0, 0.59),
	(136, 'Walmart', 'www.walmart.com', 'Soup, Chicken Noodle, regular', 0, 1.39),
	(137, 'Post', 'www.post.com', 'Soup, organic', 0, 1.39),
	(138, 'Kraft', 'www.kraft.com', 'Soup, Tomato, condensed', 0, 0.49),
	(139, 'Target', 'www.target.com', 'Soup, Tomato, regular', 0, 1.29),
	(140, 'General', 'www.general.com', 'Sour Cream', 0, 1.29),
	(141, 'Store Brand', 'www.storebrand.com', 'Spaghetti Sauce', 0, 1.19),
	(142, 'Brand X', 'www.brandx.com', 'Spatula', 0, 1.79),
	(143, 'Sharp', 'www.sharp.com', 'Sugar, brown', 0, 1.49),
	(144, 'Brand X', 'www.brandx.com', 'Sugar, powdered', 0, 1.49),
	(145, 'Target', 'www.target.com', 'Sugar, white', 0, 2.19),
	(146, 'General', 'www.general.com', 'Syrup, breakfast', 0, 1.59),
	(147, 'Kraft', 'www.kraft.com', 'Tea, green, bags', 0, 1.19),
	(148, 'Post', 'www.post.com', 'Tissues', 0, 2.89),
	(149, 'Walmart', 'www.walmart.com', 'Toilet paper', 0, 1.99),
	(150, 'Sportsman', 'www.sportsman.com', 'Tomato Paste', 0, 0.39),
	(151, 'GenericBrand', 'www.genericbrand.com', 'Tomato Sauce', 0, 0.29),
	(152, 'GenericBrand', 'www.genericbrand.com', 'Tomatoes, slicer', 0, 1.59),
	(153, 'Post', 'www.post.com', 'Tuna, chunky, in water', 0, 0.59),
	(154, 'Kraft', 'www.kraft.com', 'Tuna, solid, in water', 0, 1.15),
	(155, 'Brand X', 'www.brandx.com', 'Vanilla Extract, pure (not imitation)', 0, 1.99),
	(156, 'GenericBrand', 'www.genericbrand.com', 'Veggies 1, frozen (peas)', 0, 0.89),
	(157, 'Store Brand', 'www.storebrand.com', 'Veggies 2, frozen (other)', 0, 0.65),
	(158, 'Walmart', 'www.walmart.com', 'Waffles, frozen', 0, 1.29),
	(159, 'Walmart', 'www.walmart.com', 'Water, regular/drinking', 0, 2.49),
	(160, 'Sportsman', 'www.sportsman.com', 'Water, Sparkling/Mineral', 0, 2.49),
	(161, 'General', 'www.general.com', 'White Bread/Toast, enriched', 0, 0.79),
	(162, 'GenericBrand', 'www.genericbrand.com', 'Wine, table, Cabernet', 0, 2.89),
	(163, 'General', 'www.general.com', 'Wine, table, Chardonnay', 0, 2.89),
	(164, 'Store Brand', 'www.storebrand.com', 'Wine, table, White Zinfandel', 0, 2.89),
	(165, 'General', 'www.general.com', 'Wipes', 0, 2.89),
	(166, 'Brand X', 'www.brandx.com', 'Yoghurt, Dannon (etc.)', 0, 1.79),
	(167, 'GenericBrand', 'www.genericbrand.com', 'Yogurt, Fage, 2%, plain', 0, 1.19),
	(168, 'General', 'www.general.com', 'Yogurt, Fage, w/ flavor', 0, 1.19),
	(169, 'Sharp', 'www.sharp.com', 'Yogurt, flavored, cup', 0, 0.39),
	(170, 'Post', 'www.post.com', 'Yogurt, greek style, plain', 0, 0.89),
	(171, 'GenericBrand', 'www.genericbrand.com', 'Yogurt, plain', 0, 1.99),
	(309, 'Walmart', 'www.walmart.com', 'Almonds', 0, 5.99);
/*!40000 ALTER TABLE `product` ENABLE KEYS */;

CREATE TABLE IF NOT EXISTS `store` (
  `STOREID` int(11) NOT NULL AUTO_INCREMENT,
  `COUPONPOLICY` varchar(50) NOT NULL,
  `LOCATION` varchar(50) NOT NULL,
  `NAME` varchar(50) NOT NULL,
  PRIMARY KEY (`STOREID`)
) ENGINE=InnoDB AUTO_INCREMENT=12 DEFAULT CHARSET=latin1;

/*!40000 ALTER TABLE `store` DISABLE KEYS */;
INSERT INTO `store` (`STOREID`, `COUPONPOLICY`, `LOCATION`, `NAME`) VALUES
	(1, 'Double coupons', 'Anywhere', 'Walmart'),
	(2, 'Triple coupons', 'Westwood', 'Wegmans'),
	(3, 'Double coupons', 'Anywhere', 'Target'),
	(4, 'Double coupons on Thursdays', 'Massachusetts', 'Stop and Shop'),
	(5, 'Triple coupons on Fridays', 'Massachusetts', 'Shaws'),
	(6, 'No coupon policy', 'Newton', 'Roche Bros.'),
	(7, 'Double coupons, Triple coupons on Tuesdays', 'Anywhere', 'Amazon'),
	(8, 'Double coupons on Mondays', 'Weymouth', 'Market Basket'),
	(10, 'No coupons allowed', 'Cambridge', 'Star Market'),
	(11, 'No coupons allowed', 'Cambridge', 'Star Market');
/*!40000 ALTER TABLE `store` ENABLE KEYS */;

CREATE TABLE IF NOT EXISTS `store_product` (
  `Store_STOREID` int(11) NOT NULL,
  `productList_PRODID` int(11) NOT NULL,
  PRIMARY KEY (`Store_STOREID`,`productList_PRODID`),
  KEY `FK_STORE_PRODUCT_productList_PRODID` (`productList_PRODID`),
  CONSTRAINT `FK_STORE_PRODUCT_Store_STOREID` FOREIGN KEY (`Store_STOREID`) REFERENCES `store` (`STOREID`),
  CONSTRAINT `FK_STORE_PRODUCT_productList_PRODID` FOREIGN KEY (`productList_PRODID`) REFERENCES `product` (`PRODID`)
) ENGINE=InnoDB DEFAULT CHARSET=latin1;

/*!40000 ALTER TABLE `store_product` DISABLE KEYS */;
INSERT INTO `store_product` (`Store_STOREID`, `productList_PRODID`) VALUES
	(1, 1),
	(1, 3),
	(1, 4),
	(1, 5),
	(1, 8),
	(1, 9),
	(1, 10),
	(1, 12),
	(1, 13),
	(1, 14),
	(1, 15),
	(1, 16),
	(1, 17),
	(1, 18),
	(1, 20),
	(1, 21),
	(1, 23),
	(1, 26),
	(1, 27),
	(1, 30),
	(1, 32),
	(1, 33),
	(1, 34),
	(1, 37),
	(1, 40),
	(1, 41),
	(1, 42),
	(1, 43),
	(1, 44),
	(1, 45),
	(1, 46),
	(1, 47),
	(1, 50),
	(1, 51),
	(1, 52),
	(1, 54),
	(1, 55),
	(1, 57),
	(1, 59),
	(1, 60),
	(1, 61),
	(1, 62),
	(1, 63),
	(1, 65),
	(1, 66),
	(1, 67),
	(1, 68),
	(1, 69),
	(1, 70),
	(1, 71),
	(1, 72),
	(1, 73),
	(1, 74),
	(1, 75),
	(1, 77),
	(1, 78),
	(1, 79),
	(1, 81),
	(1, 82),
	(1, 83),
	(1, 84),
	(1, 85),
	(1, 87),
	(1, 88),
	(1, 89),
	(1, 90),
	(1, 92),
	(1, 93),
	(1, 95),
	(1, 97),
	(1, 99),
	(1, 100),
	(1, 101),
	(1, 103),
	(1, 104),
	(1, 106),
	(1, 107),
	(1, 111),
	(1, 112),
	(1, 114),
	(1, 115),
	(1, 117),
	(1, 118),
	(1, 119),
	(1, 120),
	(1, 121),
	(1, 122),
	(1, 123),
	(1, 125),
	(1, 126),
	(1, 127),
	(1, 128),
	(1, 131),
	(1, 132),
	(1, 136),
	(1, 137),
	(1, 138),
	(1, 139),
	(1, 140),
	(1, 143),
	(1, 144),
	(1, 146),
	(1, 147),
	(1, 149),
	(1, 152),
	(1, 153),
	(1, 154),
	(1, 155),
	(1, 157),
	(1, 160),
	(1, 161),
	(1, 162),
	(1, 163),
	(1, 164),
	(1, 167),
	(1, 168),
	(2, 1),
	(2, 2),
	(2, 3),
	(2, 5),
	(2, 6),
	(2, 8),
	(2, 10),
	(2, 13),
	(2, 14),
	(2, 15),
	(2, 16),
	(2, 17),
	(2, 18),
	(2, 19),
	(2, 20),
	(2, 21),
	(2, 23),
	(2, 24),
	(2, 26),
	(2, 27),
	(2, 28),
	(2, 33),
	(2, 36),
	(2, 37),
	(2, 38),
	(2, 40),
	(2, 41),
	(2, 42),
	(2, 43),
	(2, 45),
	(2, 46),
	(2, 47),
	(2, 48),
	(2, 49),
	(2, 50),
	(2, 55),
	(2, 56),
	(2, 57),
	(2, 59),
	(2, 61),
	(2, 62),
	(2, 63),
	(2, 64),
	(2, 65),
	(2, 66),
	(2, 68),
	(2, 70),
	(2, 73),
	(2, 75),
	(2, 76),
	(2, 77),
	(2, 78),
	(2, 79),
	(2, 80),
	(2, 81),
	(2, 83),
	(2, 85),
	(2, 87),
	(2, 88),
	(2, 89),
	(2, 90),
	(2, 91),
	(2, 94),
	(2, 95),
	(2, 98),
	(2, 99),
	(2, 101),
	(2, 102),
	(2, 103),
	(2, 105),
	(2, 107),
	(2, 108),
	(2, 109),
	(2, 110),
	(2, 112),
	(2, 113),
	(2, 114),
	(2, 115),
	(2, 116),
	(2, 117),
	(2, 118),
	(2, 119),
	(2, 120),
	(2, 121),
	(2, 122),
	(2, 123),
	(2, 124),
	(2, 126),
	(2, 127),
	(2, 129),
	(2, 130),
	(2, 131),
	(2, 136),
	(2, 137),
	(2, 140),
	(2, 141),
	(2, 142),
	(2, 143),
	(2, 144),
	(2, 145),
	(2, 146),
	(2, 147),
	(2, 148),
	(2, 150),
	(2, 152),
	(2, 156),
	(2, 158),
	(2, 161),
	(2, 162),
	(2, 164),
	(2, 165),
	(2, 166),
	(2, 168),
	(2, 170),
	(2, 171),
	(3, 4),
	(3, 5),
	(3, 6),
	(3, 11),
	(3, 14),
	(3, 17),
	(3, 18),
	(3, 19),
	(3, 20),
	(3, 21),
	(3, 23),
	(3, 26),
	(3, 33),
	(3, 35),
	(3, 37),
	(3, 40),
	(3, 43),
	(3, 44),
	(3, 47),
	(3, 48),
	(3, 67),
	(3, 68),
	(3, 71),
	(3, 77),
	(3, 79),
	(3, 85),
	(3, 86),
	(3, 87),
	(3, 89),
	(3, 96),
	(3, 99),
	(3, 101),
	(3, 103),
	(3, 106),
	(3, 113),
	(3, 120),
	(3, 125),
	(3, 127),
	(3, 133),
	(3, 135),
	(3, 136),
	(3, 137),
	(3, 140),
	(3, 142),
	(3, 144),
	(3, 147),
	(3, 151),
	(3, 153),
	(3, 154),
	(3, 156),
	(3, 159),
	(3, 160),
	(3, 162),
	(3, 163),
	(3, 166),
	(3, 167),
	(3, 168),
	(3, 169),
	(4, 1),
	(4, 2),
	(4, 3),
	(4, 4),
	(4, 5),
	(4, 7),
	(4, 9),
	(4, 11),
	(4, 12),
	(4, 13),
	(4, 15),
	(4, 16),
	(4, 17),
	(4, 18),
	(4, 19),
	(4, 21),
	(4, 22),
	(4, 23),
	(4, 24),
	(4, 25),
	(4, 26),
	(4, 27),
	(4, 28),
	(4, 29),
	(4, 30),
	(4, 31),
	(4, 33),
	(4, 35),
	(4, 36),
	(4, 37),
	(4, 43),
	(4, 46),
	(4, 47),
	(4, 48),
	(4, 50),
	(4, 55),
	(4, 57),
	(4, 59),
	(4, 60),
	(4, 61),
	(4, 62),
	(4, 63),
	(4, 64),
	(4, 65),
	(4, 67),
	(4, 68),
	(4, 69),
	(4, 71),
	(4, 72),
	(4, 73),
	(4, 74),
	(4, 75),
	(4, 76),
	(4, 77),
	(4, 81),
	(4, 82),
	(4, 84),
	(4, 87),
	(4, 88),
	(4, 89),
	(4, 90),
	(4, 92),
	(4, 93),
	(4, 94),
	(4, 96),
	(4, 97),
	(4, 99),
	(4, 100),
	(4, 101),
	(4, 104),
	(4, 105),
	(4, 106),
	(4, 107),
	(4, 108),
	(4, 111),
	(4, 113),
	(4, 114),
	(4, 115),
	(4, 117),
	(4, 119),
	(4, 120),
	(4, 121),
	(4, 122),
	(4, 124),
	(4, 126),
	(4, 128),
	(4, 129),
	(4, 130),
	(4, 131),
	(4, 132),
	(4, 133),
	(4, 134),
	(4, 136),
	(4, 137),
	(4, 139),
	(4, 140),
	(4, 141),
	(4, 144),
	(4, 145),
	(4, 146),
	(4, 148),
	(4, 149),
	(4, 154),
	(4, 155),
	(4, 156),
	(4, 159),
	(4, 160),
	(4, 162),
	(4, 163),
	(4, 164),
	(4, 165),
	(4, 168),
	(4, 169),
	(4, 170),
	(4, 171),
	(5, 1),
	(5, 2),
	(5, 4),
	(5, 7),
	(5, 11),
	(5, 13),
	(5, 17),
	(5, 22),
	(5, 23),
	(5, 24),
	(5, 26),
	(5, 27),
	(5, 28),
	(5, 29),
	(5, 32),
	(5, 37),
	(5, 39),
	(5, 42),
	(5, 48),
	(5, 51),
	(5, 53),
	(5, 54),
	(5, 55),
	(5, 60),
	(5, 62),
	(5, 64),
	(5, 74),
	(5, 79),
	(5, 80),
	(5, 88),
	(5, 91),
	(5, 92),
	(5, 95),
	(5, 96),
	(5, 101),
	(5, 102),
	(5, 108),
	(5, 109),
	(5, 113),
	(5, 123),
	(5, 124),
	(5, 131),
	(5, 135),
	(5, 137),
	(5, 143),
	(5, 144),
	(5, 149),
	(5, 152),
	(5, 155),
	(5, 156),
	(5, 158),
	(5, 161),
	(5, 162),
	(5, 163),
	(5, 164),
	(5, 165),
	(5, 167),
	(5, 168),
	(6, 1),
	(6, 3),
	(6, 6),
	(6, 8),
	(6, 10),
	(6, 11),
	(6, 12),
	(6, 14),
	(6, 20),
	(6, 23),
	(6, 24),
	(6, 31),
	(6, 37),
	(6, 38),
	(6, 43),
	(6, 46),
	(6, 51),
	(6, 54),
	(6, 55),
	(6, 58),
	(6, 59),
	(6, 61),
	(6, 65),
	(6, 66),
	(6, 68),
	(6, 70),
	(6, 74),
	(6, 76),
	(6, 77),
	(6, 79),
	(6, 80),
	(6, 81),
	(6, 82),
	(6, 88),
	(6, 90),
	(6, 92),
	(6, 93),
	(6, 95),
	(6, 97),
	(6, 98),
	(6, 100),
	(6, 106),
	(6, 109),
	(6, 111),
	(6, 113),
	(6, 114),
	(6, 117),
	(6, 121),
	(6, 134),
	(6, 151),
	(6, 152),
	(6, 154),
	(6, 157),
	(6, 164),
	(6, 165),
	(6, 166),
	(6, 170),
	(6, 171),
	(7, 1),
	(7, 2),
	(7, 6),
	(7, 7),
	(7, 8),
	(7, 10),
	(7, 11),
	(7, 12),
	(7, 13),
	(7, 16),
	(7, 18),
	(7, 19),
	(7, 20),
	(7, 21),
	(7, 22),
	(7, 23),
	(7, 25),
	(7, 26),
	(7, 27),
	(7, 28),
	(7, 30),
	(7, 31),
	(7, 34),
	(7, 35),
	(7, 36),
	(7, 38),
	(7, 39),
	(7, 41),
	(7, 42),
	(7, 43),
	(7, 44),
	(7, 46),
	(7, 48),
	(7, 49),
	(7, 52),
	(7, 53),
	(7, 54),
	(7, 55),
	(7, 56),
	(7, 57),
	(7, 59),
	(7, 60),
	(7, 62),
	(7, 64),
	(7, 65),
	(7, 66),
	(7, 68),
	(7, 69),
	(7, 70),
	(7, 72),
	(7, 75),
	(7, 76),
	(7, 77),
	(7, 78),
	(7, 79),
	(7, 82),
	(7, 84),
	(7, 86),
	(7, 87),
	(7, 88),
	(7, 89),
	(7, 90),
	(7, 92),
	(7, 93),
	(7, 94),
	(7, 95),
	(7, 96),
	(7, 97),
	(7, 98),
	(7, 100),
	(7, 101),
	(7, 103),
	(7, 104),
	(7, 105),
	(7, 106),
	(7, 107),
	(7, 109),
	(7, 112),
	(7, 113),
	(7, 114),
	(7, 117),
	(7, 118),
	(7, 119),
	(7, 120),
	(7, 121),
	(7, 123),
	(7, 124),
	(7, 128),
	(7, 130),
	(7, 131),
	(7, 134),
	(7, 135),
	(7, 136),
	(7, 140),
	(7, 141),
	(7, 143),
	(7, 144),
	(7, 145),
	(7, 147),
	(7, 148),
	(7, 149),
	(7, 150),
	(7, 152),
	(7, 157),
	(7, 158),
	(7, 160),
	(7, 161),
	(7, 163),
	(7, 164),
	(7, 165),
	(7, 166),
	(7, 167),
	(7, 168),
	(7, 169),
	(7, 170),
	(8, 1),
	(8, 2),
	(8, 6),
	(8, 11),
	(8, 15),
	(8, 17),
	(8, 23),
	(8, 24),
	(8, 27),
	(8, 29),
	(8, 31),
	(8, 33),
	(8, 37),
	(8, 40),
	(8, 45),
	(8, 46),
	(8, 49),
	(8, 51),
	(8, 52),
	(8, 65),
	(8, 70),
	(8, 71),
	(8, 72),
	(8, 78),
	(8, 79),
	(8, 81),
	(8, 82),
	(8, 85),
	(8, 87),
	(8, 88),
	(8, 89),
	(8, 93),
	(8, 95),
	(8, 102),
	(8, 108),
	(8, 109),
	(8, 114),
	(8, 116),
	(8, 117),
	(8, 118),
	(8, 129),
	(8, 130),
	(8, 132),
	(8, 133),
	(8, 135),
	(8, 136),
	(8, 138),
	(8, 140),
	(8, 143),
	(8, 144),
	(8, 148),
	(8, 152),
	(8, 153),
	(8, 160),
	(8, 162),
	(8, 165),
	(8, 166),
	(8, 168);
/*!40000 ALTER TABLE `store_product` ENABLE KEYS */;

CREATE TABLE IF NOT EXISTS `transactiondetail` (
  `TRANSACTIONID` int(11) NOT NULL AUTO_INCREMENT,
  `TIMESTAMP` datetime NOT NULL,
  `PRODUCT_PRODID` int(11) DEFAULT NULL,
  PRIMARY KEY (`TRANSACTIONID`),
  KEY `FK_TRANSACTIONDETAIL_PRODUCT_PRODID` (`PRODUCT_PRODID`),
  CONSTRAINT `FK_TRANSACTIONDETAIL_PRODUCT_PRODID` FOREIGN KEY (`PRODUCT_PRODID`) REFERENCES `product` (`PRODID`)
) ENGINE=InnoDB AUTO_INCREMENT=86 DEFAULT CHARSET=latin1;

/*!40000 ALTER TABLE `transactiondetail` DISABLE KEYS */;
INSERT INTO `transactiondetail` (`TRANSACTIONID`, `TIMESTAMP`, `PRODUCT_PRODID`) VALUES
	(5, '2019-08-11 01:03:03', 8),
	(6, '2019-08-11 01:03:03', 8),
	(7, '2019-08-11 01:03:10', 15),
	(8, '2019-08-11 01:03:10', 15),
	(9, '2019-08-11 01:03:17', 25),
	(10, '2019-08-11 01:03:17', 25),
	(11, '2019-08-11 01:11:48', 42),
	(12, '2019-08-11 01:11:48', 42),
	(13, '2019-08-11 01:13:55', 8),
	(14, '2019-08-11 01:13:55', 8),
	(15, '2019-08-11 01:17:40', 61),
	(16, '2019-08-11 01:17:40', 61),
	(17, '2019-08-11 01:22:27', 47),
	(18, '2019-08-11 01:22:27', 47),
	(19, '2019-08-11 01:40:30', 64),
	(20, '2019-08-11 01:40:30', 64),
	(21, '2019-08-11 01:44:38', 70),
	(22, '2019-08-11 01:44:38', 70),
	(23, '2019-08-11 01:49:32', 42),
	(24, '2019-08-11 01:49:32', 42),
	(25, '2019-08-11 01:57:04', 24),
	(26, '2019-08-11 01:57:04', 24),
	(27, '2019-08-11 02:05:45', 34),
	(28, '2019-08-11 02:05:45', 34),
	(29, '2019-08-11 02:18:38', 45),
	(30, '2019-08-11 02:18:38', 45),
	(31, '2019-08-11 02:21:33', 13),
	(32, '2019-08-11 02:21:33', 13),
	(33, '2019-08-11 02:22:18', 17),
	(34, '2019-08-11 02:22:18', 17),
	(35, '2019-08-11 02:24:53', 47),
	(36, '2019-08-11 02:24:53', 47),
	(37, '2019-08-11 02:33:30', 28),
	(38, '2019-08-11 02:33:30', 28),
	(39, '2019-08-11 02:39:04', 25),
	(40, '2019-08-11 02:39:04', 25),
	(41, '2019-08-11 02:46:07', 13),
	(42, '2019-08-11 02:46:07', 13),
	(43, '2019-08-11 02:47:11', 80),
	(44, '2019-08-11 02:47:11', 80),
	(45, '2019-08-11 02:47:30', 62),
	(46, '2019-08-11 02:47:30', 62),
	(47, '2019-08-11 02:47:49', 79),
	(48, '2019-08-11 02:47:49', 79),
	(49, '2019-08-11 02:49:10', 87),
	(50, '2019-08-11 02:49:10', 87),
	(51, '2019-08-11 02:50:00', 71),
	(52, '2019-08-11 02:50:00', 71),
	(53, '2019-08-11 02:55:08', 1),
	(54, '2019-08-11 02:55:08', 1),
	(55, '2019-08-11 03:00:49', 73),
	(56, '2019-08-11 03:00:49', 73),
	(57, '2019-08-11 03:51:33', 49),
	(58, '2019-08-11 03:51:33', 49),
	(59, '2019-08-11 03:53:46', 120),
	(60, '2019-08-11 03:53:46', 120),
	(61, '2019-08-11 03:59:50', 83),
	(62, '2019-08-11 03:59:50', 83),
	(63, '2019-08-11 11:17:10', 31),
	(64, '2019-08-11 11:17:10', 31),
	(65, '2019-08-11 11:18:54', 57),
	(66, '2019-08-11 11:18:54', 57),
	(67, '2019-08-11 11:20:55', 150),
	(68, '2019-08-11 11:20:55', 150),
	(69, '2019-08-11 11:29:05', 108),
	(70, '2019-08-11 11:29:05', 108),
	(71, '2019-08-11 11:40:40', 69),
	(72, '2019-08-11 11:40:40', 69),
	(73, '2019-08-11 11:53:40', 10),
	(74, '2019-08-11 11:53:40', 10),
	(75, '2019-08-11 12:27:52', 75),
	(76, '2019-08-11 12:27:52', 75),
	(77, '2019-08-11 12:30:08', 107),
	(78, '2019-08-11 12:31:38', 65),
	(79, '2019-08-11 12:38:39', 15),
	(80, '2019-08-11 12:39:36', 69),
	(81, '2019-08-11 23:06:05', 72),
	(82, '2019-08-12 17:47:59', 44),
	(83, '2019-08-12 17:54:25', 3),
	(85, '2019-08-12 19:52:21', 2);
/*!40000 ALTER TABLE `transactiondetail` ENABLE KEYS */;

CREATE TABLE IF NOT EXISTS `transactiondetail_store` (
  `TransactionDetail_TRANSACTIONID` int(11) NOT NULL,
  `storeList_STOREID` int(11) NOT NULL,
  PRIMARY KEY (`TransactionDetail_TRANSACTIONID`,`storeList_STOREID`),
  KEY `FK_TRANSACTIONDETAIL_STORE_storeList_STOREID` (`storeList_STOREID`),
  CONSTRAINT `FK_TRANSACTIONDETAIL_STORE_storeList_STOREID` FOREIGN KEY (`storeList_STOREID`) REFERENCES `store` (`STOREID`),
  CONSTRAINT `TRNSACTIONDETAILSTORETrnsactionDetailTRANSACTIONID` FOREIGN KEY (`TransactionDetail_TRANSACTIONID`) REFERENCES `transactiondetail` (`TRANSACTIONID`)
) ENGINE=InnoDB DEFAULT CHARSET=latin1;

/*!40000 ALTER TABLE `transactiondetail_store` DISABLE KEYS */;
INSERT INTO `transactiondetail_store` (`TransactionDetail_TRANSACTIONID`, `storeList_STOREID`) VALUES
	(5, 1),
	(5, 2),
	(5, 3),
	(5, 4),
	(5, 5),
	(5, 6),
	(5, 7),
	(5, 8),
	(6, 1),
	(6, 2),
	(6, 3),
	(6, 4),
	(6, 5),
	(6, 6),
	(6, 7),
	(6, 8),
	(7, 1),
	(7, 2),
	(7, 3),
	(7, 4),
	(7, 5),
	(7, 6),
	(7, 7),
	(7, 8),
	(8, 1),
	(8, 2),
	(8, 3),
	(8, 4),
	(8, 5),
	(8, 6),
	(8, 7),
	(8, 8),
	(9, 1),
	(9, 2),
	(9, 3),
	(9, 4),
	(9, 5),
	(9, 6),
	(9, 7),
	(9, 8),
	(10, 1),
	(10, 2),
	(10, 3),
	(10, 4),
	(10, 5),
	(10, 6),
	(10, 7),
	(10, 8),
	(11, 1),
	(11, 2),
	(11, 3),
	(11, 4),
	(11, 5),
	(11, 6),
	(11, 7),
	(11, 8),
	(12, 1),
	(12, 2),
	(12, 3),
	(12, 4),
	(12, 5),
	(12, 6),
	(12, 7),
	(12, 8),
	(13, 1),
	(13, 2),
	(13, 3),
	(13, 4),
	(13, 5),
	(13, 6),
	(13, 7),
	(13, 8),
	(14, 1),
	(14, 2),
	(14, 3),
	(14, 4),
	(14, 5),
	(14, 6),
	(14, 7),
	(14, 8),
	(15, 1),
	(15, 2),
	(15, 3),
	(15, 4),
	(15, 5),
	(15, 6),
	(15, 7),
	(15, 8),
	(16, 1),
	(16, 2),
	(16, 3),
	(16, 4),
	(16, 5),
	(16, 6),
	(16, 7),
	(16, 8),
	(17, 1),
	(17, 2),
	(17, 3),
	(17, 4),
	(17, 5),
	(17, 6),
	(17, 7),
	(17, 8),
	(18, 1),
	(18, 2),
	(18, 3),
	(18, 4),
	(18, 5),
	(18, 6),
	(18, 7),
	(18, 8),
	(19, 1),
	(19, 2),
	(19, 3),
	(19, 4),
	(19, 5),
	(19, 6),
	(19, 7),
	(19, 8),
	(20, 1),
	(20, 2),
	(20, 3),
	(20, 4),
	(20, 5),
	(20, 6),
	(20, 7),
	(20, 8),
	(21, 1),
	(21, 2),
	(21, 3),
	(21, 4),
	(21, 5),
	(21, 6),
	(21, 7),
	(21, 8),
	(22, 1),
	(22, 2),
	(22, 3),
	(22, 4),
	(22, 5),
	(22, 6),
	(22, 7),
	(22, 8),
	(23, 1),
	(23, 2),
	(23, 3),
	(23, 4),
	(23, 5),
	(23, 6),
	(23, 7),
	(23, 8),
	(24, 1),
	(24, 2),
	(24, 3),
	(24, 4),
	(24, 5),
	(24, 6),
	(24, 7),
	(24, 8),
	(25, 1),
	(25, 2),
	(25, 3),
	(25, 4),
	(25, 5),
	(25, 6),
	(25, 7),
	(25, 8),
	(26, 1),
	(26, 2),
	(26, 3),
	(26, 4),
	(26, 5),
	(26, 6),
	(26, 7),
	(26, 8),
	(27, 1),
	(27, 2),
	(27, 3),
	(27, 4),
	(27, 5),
	(27, 6),
	(27, 7),
	(27, 8),
	(28, 1),
	(28, 2),
	(28, 3),
	(28, 4),
	(28, 5),
	(28, 6),
	(28, 7),
	(28, 8),
	(29, 1),
	(29, 2),
	(29, 3),
	(29, 4),
	(29, 5),
	(29, 6),
	(29, 7),
	(29, 8),
	(30, 1),
	(30, 2),
	(30, 3),
	(30, 4),
	(30, 5),
	(30, 6),
	(30, 7),
	(30, 8),
	(31, 1),
	(31, 2),
	(31, 3),
	(31, 4),
	(31, 5),
	(31, 6),
	(31, 7),
	(31, 8),
	(32, 1),
	(32, 2),
	(32, 3),
	(32, 4),
	(32, 5),
	(32, 6),
	(32, 7),
	(32, 8),
	(33, 1),
	(33, 2),
	(33, 3),
	(33, 4),
	(33, 5),
	(33, 6),
	(33, 7),
	(33, 8),
	(34, 1),
	(34, 2),
	(34, 3),
	(34, 4),
	(34, 5),
	(34, 6),
	(34, 7),
	(34, 8),
	(35, 1),
	(35, 2),
	(35, 3),
	(35, 4),
	(35, 5),
	(35, 6),
	(35, 7),
	(35, 8),
	(36, 1),
	(36, 2),
	(36, 3),
	(36, 4),
	(36, 5),
	(36, 6),
	(36, 7),
	(36, 8),
	(37, 1),
	(37, 2),
	(37, 3),
	(37, 4),
	(37, 5),
	(37, 6),
	(37, 7),
	(37, 8),
	(38, 1),
	(38, 2),
	(38, 3),
	(38, 4),
	(38, 5),
	(38, 6),
	(38, 7),
	(38, 8),
	(39, 1),
	(39, 2),
	(39, 3),
	(39, 4),
	(39, 5),
	(39, 6),
	(39, 7),
	(39, 8),
	(40, 1),
	(40, 2),
	(40, 3),
	(40, 4),
	(40, 5),
	(40, 6),
	(40, 7),
	(40, 8),
	(41, 1),
	(41, 2),
	(41, 3),
	(41, 4),
	(41, 5),
	(41, 6),
	(41, 7),
	(41, 8),
	(42, 1),
	(42, 2),
	(42, 3),
	(42, 4),
	(42, 5),
	(42, 6),
	(42, 7),
	(42, 8),
	(43, 1),
	(43, 2),
	(43, 3),
	(43, 4),
	(43, 5),
	(43, 6),
	(43, 7),
	(43, 8),
	(44, 1),
	(44, 2),
	(44, 3),
	(44, 4),
	(44, 5),
	(44, 6),
	(44, 7),
	(44, 8),
	(45, 1),
	(45, 2),
	(45, 3),
	(45, 4),
	(45, 5),
	(45, 6),
	(45, 7),
	(45, 8),
	(46, 1),
	(46, 2),
	(46, 3),
	(46, 4),
	(46, 5),
	(46, 6),
	(46, 7),
	(46, 8),
	(47, 1),
	(47, 2),
	(47, 3),
	(47, 4),
	(47, 5),
	(47, 6),
	(47, 7),
	(47, 8),
	(48, 1),
	(48, 2),
	(48, 3),
	(48, 4),
	(48, 5),
	(48, 6),
	(48, 7),
	(48, 8),
	(49, 1),
	(49, 2),
	(49, 3),
	(49, 4),
	(49, 5),
	(49, 6),
	(49, 7),
	(49, 8),
	(50, 1),
	(50, 2),
	(50, 3),
	(50, 4),
	(50, 5),
	(50, 6),
	(50, 7),
	(50, 8),
	(51, 1),
	(51, 2),
	(51, 3),
	(51, 4),
	(51, 5),
	(51, 6),
	(51, 7),
	(51, 8),
	(52, 1),
	(52, 2),
	(52, 3),
	(52, 4),
	(52, 5),
	(52, 6),
	(52, 7),
	(52, 8),
	(53, 1),
	(53, 2),
	(53, 3),
	(53, 4),
	(53, 5),
	(53, 6),
	(53, 7),
	(53, 8),
	(54, 1),
	(54, 2),
	(54, 3),
	(54, 4),
	(54, 5),
	(54, 6),
	(54, 7),
	(54, 8),
	(55, 1),
	(55, 2),
	(55, 3),
	(55, 4),
	(55, 5),
	(55, 6),
	(55, 7),
	(55, 8),
	(56, 1),
	(56, 2),
	(56, 3),
	(56, 4),
	(56, 5),
	(56, 6),
	(56, 7),
	(56, 8),
	(57, 1),
	(57, 2),
	(57, 3),
	(57, 4),
	(57, 5),
	(57, 6),
	(57, 7),
	(57, 8),
	(58, 1),
	(58, 2),
	(58, 3),
	(58, 4),
	(58, 5),
	(58, 6),
	(58, 7),
	(58, 8),
	(59, 1),
	(59, 2),
	(59, 3),
	(59, 4),
	(59, 5),
	(59, 6),
	(59, 7),
	(59, 8),
	(60, 1),
	(60, 2),
	(60, 3),
	(60, 4),
	(60, 5),
	(60, 6),
	(60, 7),
	(60, 8),
	(61, 1),
	(61, 2),
	(61, 3),
	(61, 4),
	(61, 5),
	(61, 6),
	(61, 7),
	(61, 8),
	(62, 1),
	(62, 2),
	(62, 3),
	(62, 4),
	(62, 5),
	(62, 6),
	(62, 7),
	(62, 8),
	(63, 1),
	(63, 2),
	(63, 3),
	(63, 4),
	(63, 5),
	(63, 6),
	(63, 7),
	(63, 8),
	(64, 1),
	(64, 2),
	(64, 3),
	(64, 4),
	(64, 5),
	(64, 6),
	(64, 7),
	(64, 8),
	(65, 1),
	(65, 2),
	(65, 3),
	(65, 4),
	(65, 5),
	(65, 6),
	(65, 7),
	(65, 8),
	(66, 1),
	(66, 2),
	(66, 3),
	(66, 4),
	(66, 5),
	(66, 6),
	(66, 7),
	(66, 8),
	(67, 1),
	(67, 2),
	(67, 3),
	(67, 4),
	(67, 5),
	(67, 6),
	(67, 7),
	(67, 8),
	(68, 1),
	(68, 2),
	(68, 3),
	(68, 4),
	(68, 5),
	(68, 6),
	(68, 7),
	(68, 8),
	(69, 1),
	(69, 2),
	(69, 3),
	(69, 4),
	(69, 5),
	(69, 6),
	(69, 7),
	(69, 8),
	(70, 1),
	(70, 2),
	(70, 3),
	(70, 4),
	(70, 5),
	(70, 6),
	(70, 7),
	(70, 8),
	(71, 1),
	(71, 2),
	(71, 3),
	(71, 4),
	(71, 5),
	(71, 6),
	(71, 7),
	(71, 8),
	(72, 1),
	(72, 2),
	(72, 3),
	(72, 4),
	(72, 5),
	(72, 6),
	(72, 7),
	(72, 8),
	(73, 1),
	(73, 2),
	(73, 3),
	(73, 4),
	(73, 5),
	(73, 6),
	(73, 7),
	(73, 8),
	(74, 1),
	(74, 2),
	(74, 3),
	(74, 4),
	(74, 5),
	(74, 6),
	(74, 7),
	(74, 8),
	(75, 1),
	(75, 2),
	(75, 4),
	(75, 7),
	(76, 1),
	(76, 2),
	(76, 4),
	(76, 7),
	(77, 1),
	(77, 2),
	(77, 4),
	(77, 7),
	(78, 1),
	(78, 2),
	(78, 4),
	(78, 6),
	(78, 7),
	(78, 8),
	(79, 1),
	(79, 2),
	(79, 4),
	(79, 8),
	(80, 1),
	(80, 4),
	(80, 7),
	(81, 1),
	(81, 4),
	(81, 7),
	(81, 8),
	(82, 1),
	(82, 3),
	(82, 7),
	(83, 1),
	(83, 2),
	(83, 4),
	(83, 6),
	(85, 2),
	(85, 4),
	(85, 5),
	(85, 7),
	(85, 8);
/*!40000 ALTER TABLE `transactiondetail_store` ENABLE KEYS */;

CREATE TABLE IF NOT EXISTS `user` (
  `SUSERID` int(11) NOT NULL AUTO_INCREMENT,
  `SEMAIL` varchar(150) NOT NULL,
  `SFIRSTNAME` varchar(50) NOT NULL,
  `SLASTNAME` varchar(50) NOT NULL,
  `SPASS` varchar(50) NOT NULL,
  PRIMARY KEY (`SUSERID`),
  UNIQUE KEY `SEMAIL` (`SEMAIL`)
) ENGINE=InnoDB AUTO_INCREMENT=30 DEFAULT CHARSET=latin1;

/*!40000 ALTER TABLE `user` DISABLE KEYS */;
INSERT INTO `user` (`SUSERID`, `SEMAIL`, `SFIRSTNAME`, `SLASTNAME`, `SPASS`) VALUES
	(1, 'guest@guest.com', 'Guest', 'Guest', 'Password123'),
	(2, 'dan@gmail.com', 'Dan', 'Aaaa', 'Pw123'),
	(3, 'jim@gmail.com', 'Bbbb', 'Jim', 'Pw123'),
	(4, 'gary@gmail.com', 'Kkkkk', 'Gary', 'Pw123'),
	(5, 'steve@gmail.com', 'Lllll', 'Steve', 'Pw123'),
	(6, 'khanh@gmail.com', 'Nnnnnn', 'Khanh', 'Pw123'),
	(7, 'kasidit@gmail.com', 'BBbbbb', 'Kasidit', 'Pw123'),
	(8, 'hitha@gmail.com', 'Hitha', 'Aaaaa', 'Pw123'),
	(9, 'simon@gmail.com', 'Yyyy', 'Simon', 'Pw123'),
	(10, 'ken@gmail.com', 'Ken', 'LlllLl', 'Pw123'),
	(11, 'antonio@gmail.com', 'Antonio', 'Mmmmm', 'Pw123'),
	(12, 'guest@gmail.com', 'Guest', 'Guest', 'Password123'),
	(24, 'dan1819@gmail.com', 'Dan', 'Anders', 'Pw123');
/*!40000 ALTER TABLE `user` ENABLE KEYS */;

CREATE TABLE IF NOT EXISTS `user_transactiondetail` (
  `User_SUSERID` int(11) NOT NULL,
  `transactionDetails_TRANSACTIONID` int(11) NOT NULL,
  PRIMARY KEY (`User_SUSERID`,`transactionDetails_TRANSACTIONID`),
  KEY `SRTRANSACTIONDETAILtransactionDetailsTRANSACTIONID` (`transactionDetails_TRANSACTIONID`),
  CONSTRAINT `FK_USER_TRANSACTIONDETAIL_User_SUSERID` FOREIGN KEY (`User_SUSERID`) REFERENCES `user` (`SUSERID`),
  CONSTRAINT `SRTRANSACTIONDETAILtransactionDetailsTRANSACTIONID` FOREIGN KEY (`transactionDetails_TRANSACTIONID`) REFERENCES `transactiondetail` (`TRANSACTIONID`)
) ENGINE=InnoDB DEFAULT CHARSET=latin1;

/*!40000 ALTER TABLE `user_transactiondetail` DISABLE KEYS */;
INSERT INTO `user_transactiondetail` (`User_SUSERID`, `transactionDetails_TRANSACTIONID`) VALUES
	(1, 82),
	(1, 83),
	(1, 85),
	(2, 5),
	(2, 7),
	(2, 9),
	(2, 11),
	(2, 13),
	(2, 15),
	(2, 17),
	(2, 19),
	(2, 21),
	(2, 23),
	(2, 25),
	(2, 27),
	(2, 29),
	(2, 31),
	(2, 33),
	(2, 35),
	(2, 37),
	(2, 39),
	(2, 41),
	(2, 43),
	(2, 45),
	(2, 47),
	(2, 49),
	(2, 51),
	(2, 53),
	(2, 55),
	(2, 57),
	(2, 59),
	(2, 61),
	(2, 63),
	(2, 65),
	(2, 67),
	(2, 69),
	(2, 71),
	(2, 73),
	(2, 76),
	(2, 77),
	(2, 78),
	(2, 79),
	(2, 80),
	(2, 81);
/*!40000 ALTER TABLE `user_transactiondetail` ENABLE KEYS */;

/*!40101 SET SQL_MODE=IFNULL(@OLD_SQL_MODE, '') */;
/*!40014 SET FOREIGN_KEY_CHECKS=IF(@OLD_FOREIGN_KEY_CHECKS IS NULL, 1, @OLD_FOREIGN_KEY_CHECKS) */;
/*!40101 SET CHARACTER_SET_CLIENT=@OLD_CHARACTER_SET_CLIENT */;
